,Запрос,Тема
0,кредит,кредит
1,кредит наличные низкий процент,кредит
2,кредит низкий процент наличные,кредит
3,кредит банк,кредит
4,кредит,кредит
5,получить кредит,кредит
6,кредит банк,кредит
7,ставка кредит,кредит
8,потребительский кредит низкий процентный ставка москва,кредит
9,кредит банк,кредит
10,банк кредит,кредит
11,взять кредит банк,кредит
12,потреба кредит,кредит
13,подать заявка кредит банк,кредит
14,процент кредит,кредит
15,получение кредит,кредит
16,банковский кредит,кредит
17,процент кредит банк,кредит
18,кредит низкий процент наличные справка поручитель,кредит
19,потребительский кредит процент,кредит
20,кредит низкий процент,кредит
21,кредит физический лицо,кредит
22,взять кредит банк минимальный процент,кредит
23,процентный ставка кредит,кредит
24,нужный кредит,кредит
25,кредит минимальный процентный ставка,кредит
26,самый низкий ставка кредит наличные,кредит
27,кредит процент,кредит
28,процент кредит,кредит
29,кредит процент,кредит
30,банк низкий процент кредит,кредит
31,банковский ставка кредит,кредит
32,низкий ставка кредит,кредит
33,потребительский кредит банк,кредит
34,кредит низкий ставка,кредит
35,кредит физический лицо,кредит
36,кредит наличные ставка,кредит
37,потребительский кредитование,кредит
38,ставка потребительский кредит,кредит
39,банк кредит,кредит
40,кредит банк,кредит
41,кредит наличные низкий процент,кредит
42,кредитный ставка банк,кредит
43,ставка потребительский кредит,кредит
44,кредитный ставка банк,кредит
45,кредит минимальный процент,кредит
46,кредит процент,кредит
47,банковский кредит,кредит
48,самый низкий ставка кредит,кредит
49,кредитный ставка банк,кредит
50,потребительский кредит низкий процентный ставка,кредит
51,кредит банк,кредит
52,кредит наличные физический лицо,кредит
53,кредит низкий процент,кредит
54,потребительский кредит низкий процент,кредит
55,кредитный ставка,кредит
56,взять потребительский кредит минимальный процент,кредит
57,ставка кредит,кредит
58,хороший банк кредит,кредит
59,кредит низкий процент,кредит
60,кредит наличные низкий процент,кредит
61,потребительский кредит низкий ставка,кредит
62,процентный ставка кредит банк,кредит
63,процент кредит банк,кредит
64,кредит низкий процент,кредит
65,процент потребительский кредит,кредит
66,кредит наличные маленький процент,кредит
67,кредит наличные низкий ставка,кредит
68,кредит наличные минимальный процент,кредит
69,кредит процентный ставка,кредит
70,кредит банк,кредит
71,потребительский кредит процентный ставка,кредит
72,банк низкий процент кредит,кредит
73,кредит маленький процентный ставка,кредит
74,самый низкий ставка кредит,кредит
75,банк кредит,кредит
76,какой процент банк кредит,кредит
77,процентный ставка потребительский кредит банк,кредит
78,кредит наличные самый низкий процент,кредит
79,процентный ставка потребительский кредит,кредит
80,оформить заявка кредит банк,кредит
81,кредит небольшой процентный ставка,кредит
82,кредит низкий,кредит
83,кредит наличные процентный ставка,кредит
84,процентный ставка потребительский кредит,кредит
85,кредит наличные рейтинг банк,кредит
86,самый низкий ставка кредит наличные,кредит
87,самый низкий процент кредит,кредит
88,низкий процент кредит наличные,кредит
89,потребительский кредит низкий ставка,кредит
90,банк низкий процентный ставка кредит,кредит
91,потребительский кредит ставка банк,кредит
92,какой процентный ставка кредит банк,кредит
93,банк кредит,кредит
94,кредит низкий процентный ставка,кредит
95,кредит наличные низкий процентный ставка,кредит
96,потребительский кредит рейтинг банк,кредит
97,потребительский кредит банк,кредит
98,ставка банк кредит физический лицо,кредит
99,ставка кредит банк,кредит
100,самый маленький процент кредит,кредит
101,ставка потребительский кредит,кредит
102,кредит низкий процент москва,кредит
103,процентный ставка банк кредит,кредит
104,какой банк давать потребительский кредит,кредит
105,кредит наличные процентный ставка банк,кредит
106,самый низкий процентный ставка потребительский кредит,кредит
107,низкий ставка кредит наличные,кредит
108,банк низкий процент кредит,кредит
109,рейтинг процентный ставка кредит,кредит
110,кредит наличные минимальный процентный ставка,кредит
111,взять кредит низкий процент,кредит
112,кредитный процент банк,кредит
113,процент кредит банк россия,кредит
114,кредит низкий процентный ставка физический лицо,кредит
115,низкий процентный ставка потребительский кредит,кредит
116,самый низкий процентный ставка кредит,кредит
117,ставка кредит банк,кредит
118,низкий процент кредит,кредит
119,кредит наличные маленький процент годовой,кредит
120,процент потребительский кредит банк,кредит
121,процент кредит банк,кредит
122,низкий процент потребительский кредит,кредит
123,кредит сам низкий ставка,кредит
124,кредит наличные маленький процент москва,кредит
125,банк москва оформить заявка кредит,кредит
126,заявка потребительский кредит банк,кредит
127,минимальный ставка кредит банк,кредит
128,банк процент кредит,кредит
129,потреба кредит,кредит
130,банк маленький процент потребительский кредит,кредит
131,хороший потребительский кредит физический лицо,кредит
132,процент потребительский кредит банк,кредит
133,рейтинг банк низкий процентный ставка кредит,кредит
134,максимальный кредит наличные,кредит
135,кредит процент,кредит
136,процентный ставка потребительский кредит,кредит
137,получить деньга долг,кредит
138,потребкредить,кредит
139,кредит банк низкий процент,кредит
140,потребительский кредит низкий процент,кредит
141,потребительский кредит низкий ставка,кредит
142,банк давать кредит москва,кредит
143,банк минимальный процент кредит,кредит
144,занять деньга процент,кредит
145,кредит низкий процентный ставка,кредит
146,заём банк,кредит
147,деньга долг,кредит
148,минимальный процент потребительский кредит,кредит
149,кредитный карта,кредитная карта
150,кредитный карта,кредитная карта
151,оформить кредитный карта,кредитная карта
152,оформить кредитный карта,кредитная карта
153,кредитный карта,кредитная карта
154,заявка кредитный карта,кредитная карта
155,получить кредитный карта,кредитная карта
156,взять кредитный карта,кредитная карта
157,заказать кредитный карта,кредитная карта
158,кредитный карта банк,кредитная карта
159,кредитный карта процент,кредитная карта
160,моментальный кредитный карта,кредитная карта
161,кредитный карта год,кредитная карта
162,взять кредитный карта,кредитная карта
163,заказать кредитный карта,кредитная карта
164,получить кредитный карта,кредитная карта
165,кредитный карта,кредитная карта
166,кредитный карта,кредитная карта
167,кредитный карта льготный период,кредитная карта
168,кредитный карта паспорт,кредитная карта
169,оформить заявка кредитный карта,кредитная карта
170,кредитный карта почта,кредитная карта
171,получение кредитный карта,кредитная карта
172,кредитный карта год,кредитная карта
173,калькулятор кредитный карта,кредитная карта
174,подать заявка кредитный карта,кредитная карта
175,кредитный карта беспроцентный период,кредитная карта
176,кредитный карта,кредитная карта
177,оформление кредитный карта,кредитная карта
178,заявка кредитный карта,кредитная карта
179,кредитный карта год,кредитная карта
180,кредитный карта бесплатный обслуживание,кредитная карта
181,оформление кредитный карта,кредитная карта
182,кредитный банковский карта,кредитная карта
183,банковский карта кредитный,кредитная карта
184,кредитный карта справка,кредитная карта
185,кредитный карта день обращение,кредитная карта
186,кредитный карта справка,кредитная карта
187,оформить кредитный карта почта,кредитная карта
188,беспроцентный кредитный карта,кредитная карта
189,кредитный карта условие,кредитная карта
190,бесплатный кредитный карта,кредитная карта
191,экспресс кредитный карта,кредитная карта
192,кредитный карта заявка,кредитная карта
193,кредитный карта интернет,кредитная карта
194,оформить кредитный карта справка,кредитная карта
195,оформить кредитный карта,кредитная карта
196,банк кредитный карта,кредитная карта
197,оформить кредитный карта,кредитная карта
198,кредитный карта годовой обслуживание,кредитная карта
199,банк москва кредитный карта,кредитная карта
200,мгновенный кредитный карта,кредитная карта
201,кредитный карта москва,кредитная карта
202,кредитный карта условие,кредитная карта
203,кредитный карта москва,кредитная карта
204,кредитный карта путешествие,кредитная карта
205,кредитный карточка,кредитная карта
206,кредитный карта оформить заявка,кредитная карта
207,кредит кредитный карта,кредитная карта
208,взять кредитный карта паспорт,кредитная карта
209,заполнить заявка кредитный карта,кредитная карта
210,кредитный карта справка,кредитная карта
211,кредитный карта день,кредитная карта
212,калькулятор кредитный карта,кредитная карта
213,кредитный карта студент,кредитная карта
214,оставить заявка кредитный карта,кредитная карта
215,льготный кредитный карта,кредитная карта
216,заказ кредитный карта,кредитная карта
217,быстрый оформление кредитный карта,кредитная карта
218,кредитный карта справка,кредитная карта
219,студенческий кредитный карта,кредитная карта
220,заказать кредитный карта почта,кредитная карта
221,кредитный карта москва,кредитная карта
222,кредитный карта,кредитная карта
223,получить кредитный карта,кредитная карта
224,кредитный карта москва,кредитная карта
225,быстрый кредитный карта,кредитная карта
226,оформить кредитный карта интернет,кредитная карта
227,кредитный карта год,кредитная карта
228,получить кредитный карта справка,кредитная карта
229,оформить кредитный карта,кредитная карта
230,оформить кредитный карта москва,кредитная карта
231,кредитный карта подтверждение доход,кредитная карта
232,кредитный карта,кредитная карта
233,дебетовый карта путешествие,кредитная карта
234,кредитный карта день,кредитная карта
235,кредитный карта почта,кредитная карта
236,кредитный карта моментальный выдача,кредитная карта
237,кредитный карта год,кредитная карта
238,кредитный карта год,кредитная карта
239,кредитный карта универсальный,кредитная карта
240,получить кредитный карта почта,кредитная карта
241,кредитный карта москва,кредитная карта
242,дебетовый карта,дебетовая карта
243,самый выгодный дебетовый карта,дебетовая карта
244,оформить дебетовый карта,дебетовая карта
245,заказать дебетовый карта,дебетовая карта
246,заказать дебетовый карта,дебетовая карта
247,хороший дебетовый карта,дебетовая карта
248,дебетовый карта,дебетовая карта
249,дебетовый карта бесплатный обслуживание,дебетовая карта
250,самый хороший дебетовый карта,дебетовая карта
251,оформить дебетовый карта,дебетовая карта
252,открыть дебетовый карта,дебетовая карта
253,моментальный дебетовый карта,дебетовая карта
254,бесплатный дебетовый карта,дебетовая карта
255,рейтинг дебетовый карта,дебетовая карта
256,дебетовый карта заявка,дебетовая карта
257,открыть дебетовый карта,дебетовая карта
258,дебетовый карта,дебетовая карта
259,выгодный дебетовый карта,дебетовая карта
260,дебетовый карта самый выгодный,дебетовая карта
261,получить дебетовый карта,дебетовая карта
262,заявка дебетовый карта,дебетовая карта
263,какой дебетовый карта оформить,дебетовая карта
264,сравнение дебетовый карта,дебетовая карта
265,выбор дебетовый карта,дебетовая карта
266,дебетовый карта обслуживание,дебетовая карта
267,дебетовый карта,дебетовая карта
268,сравнение дебетовый карта разный банк,дебетовая карта
269,дебетовый карта годовой обслуживание,дебетовая карта
270,дебетовый карта банк,дебетовая карта
271,дебетовый карта виза,дебетовая карта
272,бесплатный банковский дебетовый карта,дебетовая карта
273,дебетовый карта день,дебетовая карта
274,хороший дебетовый карта,дебетовая карта
275,дебетовый карта почта,дебетовая карта
276,дебетовый карта,дебетовая карта
277,подобрать дебетовый карта,дебетовая карта
278,дебетовый карта день обращение,дебетовая карта
279,дебетовый карта день,дебетовая карта
280,подбор дебетовый карта,дебетовая карта
281,дебетовый карта visa,дебетовая карта
282,дебетный карта,дебетовая карта
283,бесплатный дебетовый карта банк,дебетовая карта
284,самый дешёвый дебетовый карта,дебетовая карта
285,дебетовый карта моментальный выдача,дебетовая карта
286,сравнить дебетовый карта,дебетовая карта
287,дебетовый карта минута,дебетовая карта
288,заказать дебетовый карта почта,дебетовая карта
289,дебетовый карта,дебетовая карта
290,дебетный карта visa,дебетовая карта
291,кредит карта,кредитная карта
292,карта кредит,кредитная карта
293,карточка кредитный,кредитная карта
294,получить карта кредит,кредитная карта
295,взять кредит карта,кредитная карта
296,долг кредитный карта,кредитная карта
297,закрыть кредитный карта,кредитная карта
298,дать кредитный карта,кредитная карта
299,кредитный карта,кредитная карта
300,кредитный карта работать,кредитная карта
301,кредитный карта,кредитная карта
302,кредитный карта самый выгодный,кредитная карта
303,кредитный карта отзыв,кредитная карта
304,кредитный карта выгодный,кредитная карта
305,какой кредитный карта,кредитная карта
306,какой бывать кредитный карта,кредитная карта
307,какой кредитка,кредитная карта
308,карта кредитный,кредитная карта
309,кредитный карта сравнить,кредитная карта
310,оформить кредитный карта,кредитная карта
311,какой карта кредитный выбрать,кредитная карта
312,какой кредитный карта получить,кредитная карта
313,какой банк взять кредитный карта,кредитная карта
314,какой кредитный карта взять,кредитная карта
315,работать система кредитный карта,кредитная карта
316,карта кредитный самый выгодный,кредитная карта
317,банк одобрить кредитный карта,кредитная карта
318,кредитка пользоваться,кредитная карта
319,какой банк взять кредитный карта,кредитная карта
320,кредитный карта,кредитная карта
321,кредитный карта какой банк,кредитная карта
322,всё кредитный карта,кредитная карта
323,какой взять кредитный карта,кредитная карта
324,какой взять кредитный карта,кредитная карта
325,какой кредитный карта оформить,кредитная карта
326,взять кредитка,кредитная карта
327,взять кредитка,кредитная карта
328,выбор кредитный карта,кредитная карта
329,кредитный карта,кредитная карта
330,кредитный карта взять,кредитная карта
331,кредитный карта получить,кредитная карта
332,кто давать кредитный карта,кредитная карта
333,какой кредитный карта,кредитная карта
334,кредитный карта который получить,кредитная карта
335,какой банк взять кредитный карта,кредитная карта
336,кредитный карта,кредитная карта
337,кредитный карта который получить,кредитная карта
338,получить кредитный карта,кредитная карта
339,какой кредитный карта,кредитная карта
340,какой банк давать кредитный карта,кредитная карта
341,кредитный карта банковский карта,кредитная карта
342,проверить кредитный карта,кредитная карта
343,кредитный карта заблокировать,кредитная карта
344,преимущество кредитный карта,кредитная карта
345,отличие кредитный карта кредит,кредитная карта
346,кредитный карта иметь,кредитная карта
347,кредитный карта иметь один банк,кредитная карта
348,длина банковский карта,кредитная карта
349,кредитный карта какой возраст,кредитная карта
350,оформить кредитный карта,кредитная карта
351,кредитный карта,кредитная карта
352,кредитный карта делаться,кредитная карта
353,сантиметров кредитный карточка,кредитная карта
354,хранится кредитный карточка,кредитная карта
355,нужно знать кредитный карта,кредитная карта
356,чей кредитный карта,кредитная карта
357,называться кредитный карта,кредитная карта
358,такое кредитный карточка,кредитная карта
359,устроить кредитный карта,кредитная карта
360,отличаться кредитный карта банковский,кредитная карта
361,отличаться кредитка банковский карта,кредитная карта
362,отличаться кредитный карта кредит,кредитная карта
363,отличаться кредитный карта кредит наличные,кредитная карта
364,отличаться кредитный карта обычный,кредитная карта
365,чем кредитный карточка отличаться,кредитная карта
366,какой банк открыть карта,дебетовая карта
367,какой банк получить карта мир,дебетовая карта
368,какой банк открыть карта,дебетовая карта
369,заказать банковский карта ребёнок,дебетовая карта
370,заказать банковский карта,дебетовая карта
371,какой карта открыть,дебетовая карта
372,какой карта выбрать,дебетовая карта
373,какой карта оформить,дебетовая карта
374,карта какой банк выгодный,дебетовая карта
375,какой банковский карта выбрать,дебетовая карта
376,карта банковский,дебетовая карта
377,новость банковский карта,дебетовая карта
378,какой банк оформлять карта мир,дебетовая карта
379,заказать банковский карта,дебетовая карта
380,карточка банковский,дебетовая карта
381,рейтинг банковский карта россия,дебетовая карта
382,карта банк,дебетовая карта
383,какой карта заказать сбербанк,дебетовая карта
384,карта заказать,дебетовая карта
385,заказать банковский карта тинькофф,дебетовая карта
386,заказать карта тинькофф,дебетовая карта
387,какой банк детский карта,дебетовая карта
388,какой банк карта мир,дебетовая карта
389,заказать банковский карта,дебетовая карта
390,получить банковский карта,дебетовая карта
391,какой карта оформить сбербанк,дебетовая карта
392,какой банк заказать карта мир,дебетовая карта
393,дебиторский карта втб,дебетовая карта
394,денежный карта,дебетовая карта
395,банковский карта процент остаток,дебетовая карта
396,банковский карта высокий процент остаток,дебетовая карта
397,какой существовать банковский карта,дебетовая карта
398,какой бывать карта банковский,дебетовая карта
399,какой карта банк завести,дебетовая карта
400,какой банковский карта завести,дебетовая карта
401,какой карта банк выбрать,дебетовая карта
402,карта,дебетовая карта
403,какой банк завести карта,дебетовая карта
404,карта какой банк выбрать,дебетовая карта
405,банк выбрать карта,дебетовая карта
406,какой карта выбрать,дебетовая карта
407,получить банковский карта,дебетовая карта
408,оформить банковский карта,дебетовая карта
409,завести банковский карта,дебетовая карта
410,кто выдаваться карта мир,дебетовая карта
411,выгодный банковский карта,дебетовая карта
412,карта высокий кэшбэкома,дебетовая карта
413,выгодный карта,дебетовая карта
414,выгодный карта мир,дебетовая карта
415,карта мир какой банк,дебетовая карта
416,самый выгодный карта банк,дебетовая карта
417,рейтинг банковский карта,дебетовая карта
418,сделать банковский карта,дебетовая карта
419,сколько получить банковский карта,дебетовая карта
420,чей банк карта,дебетовая карта
421,сделать банковский карта,дебетовая карта
422,банк карта,дебетовая карта
423,чей банковский карта,дебетовая карта
424,дебетовый карта альфа,дебетовая карта
425,дебетовый карта альфа банк,дебетовая карта
426,дебетовый карта альфа банк отзыв,дебетовая карта
427,дебетовый карта альфа банк кэшбэкома,дебетовая карта
428,дебетовый карта плата обслуживание,дебетовая карта
429,дебетовый карта втб,дебетовая карта
430,дебетовый карта втб бесплатный обслуживание,дебетовая карта
431,дебетовый карта газпромбанк,дебетовая карта
432,дебетовый карта польза,дебетовая карта
433,дебетовый карта почта банк,дебетовая карта
434,дебетовый карта райффайзенбанк,дебетовая карта
435,дебетовый карта кэшбэкома процент росбанк,дебетовая карта
436,дебетовый карта сбербанк бесплатный обслуживание,дебетовая карта
437,дебетовый карта тинькофф блэк,дебетовая карта
438,дебетовый карта тинькофф обслуживание цена,дебетовая карта
439,дебетовый карта тинькофф обслуживание цена условие,дебетовая карта
440,дебетовый карта тинькофф отзыв,дебетовая карта
441,дебетовый карта ударение,дебетовая карта
442,дебетовый карта это,дебетовая карта
443,дебетовый карта это такой простой слово,дебетовая карта
444,дебетовый карта это такой,дебетовая карта
445,дебетовый карта tinkoff black vkcom,дебетовая карта
446,карта дебетовый кредитный,дебетовая карта
447,открыть карта,дебетовая карта
448,ткрыть дебетовый карта,дебетовая карта
449, карту, дебетовая карта