Запрос,Тема
кредит,кредит
кредит наличными под низкий процент,кредит
кредит под низкий процент наличными,кредит
кредит в банке,кредит
кредиты,кредит
получить кредит,кредит
кредиты в банках,кредит
ставки по кредитам,кредит
потребительский кредит с низкой процентной ставкой в москве,кредит
кредит банк,кредит
банк кредит,кредит
взять кредит банки,кредит
потреб кредит,кредит
подать заявку на кредит во все банки,кредит
проценты по кредитам,кредит
получение кредита,кредит
банковский кредит,кредит
проценты по кредитам в банках,кредит
кредит под низкий процент наличными без справок и поручителей,кредит
потребительский кредит проценты,кредит
кредит под низкий процент,кредит
кредит для физических лиц,кредит
взять кредит в банке под минимальный процент,кредит
процентные ставки по кредитам,кредит
нужен кредит,кредит
кредит с минимальной процентной ставкой,кредит
самая низкая ставка по кредиту наличными,кредит
кредит проценты,кредит
проценты кредит,кредит
кредит под проценты,кредит
банки с низким процентом по кредиту,кредит
банковские ставки по кредитам,кредит
низкие ставки по кредитам,кредит
потребительский кредит банки,кредит
кредит по низкой ставке,кредит
кредит физическим лицам,кредит
кредит наличными ставки,кредит
потребительское кредитование,кредит
ставки по потребительским кредитам,кредит
банк кредиты,кредит
кредиты банк,кредит
кредит наличными низкий процент,кредит
кредитные ставки в банках,кредит
ставка по потребительскому кредиту,кредит
кредитные ставки в банках на сегодня,кредит
кредит под минимальный процент,кредит
кредиты проценты,кредит
банковские кредиты,кредит
самые низкие ставки по кредитам,кредит
кредитные ставки банков,кредит
потребительские кредиты с низкой процентной ставкой,кредит
кредит в банках,кредит
кредит наличными физическому лицу,кредит
кредит с низким процентом,кредит
потребительский кредит под низкий процент,кредит
кредитные ставки,кредит
взять потребительский кредит под минимальный процент,кредит
ставки по кредиту,кредит
лучшие банки для кредита,кредит
кредит под низкие проценты,кредит
кредит наличными с низким процентом,кредит
потребительский кредит с низкой ставкой,кредит
процентная ставка по кредиту в банках,кредит
процент по кредитам в банках,кредит
кредит низкий процент,кредит
процент по потребительскому кредиту,кредит
кредит наличными маленький процент,кредит
кредит наличными низкие ставки,кредит
кредит наличными минимальный процент,кредит
кредит процентная ставка,кредит
кредиты в банке,кредит
потребительский кредит процентная ставка,кредит
банк с низким процентом по кредиту,кредит
кредит с маленькой процентной ставкой,кредит
самые низкие ставки по кредиту,кредит
банки для кредита,кредит
какие проценты в банках на кредиты,кредит
процентные ставки на потребительский кредит в банках,кредит
кредит наличными самый низкий процент,кредит
процентная ставка на потребительский кредит,кредит
оформить заявку на кредит во все банки,кредит
кредит с небольшой процентной ставкой,кредит
кредит под низкий,кредит
кредит наличными процентная ставка,кредит
процентные ставки по потребительскому кредиту,кредит
кредит наличными рейтинг банков,кредит
самые низкие ставки по кредиту наличными,кредит
самые низкие проценты по кредиту,кредит
низкий процент по кредиту наличными,кредит
потребительский кредит по низкой ставке,кредит
банк с низкой процентной ставкой по кредиту,кредит
потребительский кредит ставки банков,кредит
какие процентные ставки по кредитам в банках,кредит
банки для кредитов,кредит
кредит по низкой процентной ставке,кредит
кредит наличными с низкой процентной ставкой,кредит
потребительский кредит рейтинг банков,кредит
потребительский кредит в банках,кредит
ставки банков по кредитам для физических лиц,кредит
ставки на кредит в банках,кредит
самые маленькие проценты по кредиту,кредит
ставки потребительских кредитов,кредит
кредит под низкий процент москва,кредит
процентные ставки банков по кредитам,кредит
какие банки дают потребительский кредит,кредит
кредит наличными процентные ставки всех банков,кредит
самые низкие процентные ставки на потребительский кредит,кредит
низкая ставка по кредиту наличными,кредит
банки с низкими процентами по кредиту,кредит
рейтинг процентных ставок по кредитам,кредит
кредит наличными с минимальной процентной ставкой,кредит
взять кредит низкий процент,кредит
кредитные проценты в банках,кредит
проценты на кредиты в банках россии,кредит
кредит с низкими процентными ставками для физических лиц,кредит
низкие процентные ставки по потребительскому кредиту,кредит
самые низкие процентные ставки по кредитам,кредит
ставки на кредиты в банках,кредит
низкие проценты по кредитам,кредит
кредит наличными с маленьким процентом годовых,кредит
проценты на потребительский кредит в банках,кредит
проценты кредитов в банках,кредит
низкий процент на потребительский кредит,кредит
кредит по самой низкой ставке,кредит
кредит наличными под маленький процент в москве,кредит
банк москвы оформить заявку на кредит онлайн,кредит
заявка на потребительский кредит во все банки,кредит
минимальные ставки по кредитам в банках,кредит
банки и проценты по кредитам,кредит
потреб кредиты,кредит
банки с маленьким процентом по потребительскому кредиту,кредит
лучшие потребительские кредиты для физических лиц,кредит
процент потребительского кредита в банках,кредит
рейтинг банков с низкой процентной ставкой по кредиту,кредит
максимальный кредит наличными,кредит
кредиты под процент,кредит
процентные ставки на потребительский кредит,кредит
получить деньги в долг,кредит
потребкредит,кредит
кредит в банке с низким процентом,кредит
потребительский кредит с низким процентом,кредит
потребительский кредит низкие ставки,кредит
банки дающие кредит в москве,кредит
банки с минимальным процентом по кредиту,кредит
занять денег под проценты,кредит
кредиты с низкими процентными ставками,кредит
займ от банка,кредит
деньги в долг,кредит
минимальный процент потребительского кредита,кредит
кредитная карта,кредитная карта
кредитные карты,кредитная карта
оформить кредитную карту,кредитная карта
оформить кредитную карту онлайн,кредитная карта
кредитная карта онлайн,кредитная карта
заявка на кредитную карту,кредитная карта
получить кредитную карту,кредитная карта
взять кредитную карту онлайн,кредитная карта
заказать кредитную карту,кредитная карта
кредитные карты банков,кредитная карта
кредитная карта без процентов,кредитная карта
моментальная кредитная карта,кредитная карта
кредитная карта с 18 лет,кредитная карта
взять кредитную карту,кредитная карта
заказать кредитную карту онлайн,кредитная карта
получить кредитную карту онлайн,кредитная карта
кредитная карта быстро,кредитная карта
кредитные карты онлайн,кредитная карта
кредитные карты с льготным периодом,кредитная карта
кредитная карта по паспорту,кредитная карта
оформить заявку на кредитную карту,кредитная карта
кредитные карты по почте,кредитная карта
получение кредитной карты,кредитная карта
кредитные карты с 18 лет,кредитная карта
калькулятор кредитной карты,кредитная карта
подать заявку на кредитную карту,кредитная карта
кредитная карта с беспроцентным периодом,кредитная карта
кредитная карта срочно,кредитная карта
оформление кредитной карты,кредитная карта
заявка на кредитную карту онлайн,кредитная карта
кредитная карта с 20 лет,кредитная карта
кредитная карта с бесплатным обслуживанием,кредитная карта
оформление кредитной карты онлайн,кредитная карта
кредитные банковские карты,кредитная карта
банковские карты кредитные,кредитная карта
кредитные карты без справок,кредитная карта
кредитная карта в день обращения,кредитная карта
кредитная карта без справок,кредитная карта
оформить кредитную карту по почте,кредитная карта
беспроцентная кредитная карта,кредитная карта
кредитные карты условия,кредитная карта
бесплатные кредитные карты,кредитная карта
экспресс кредитные карты,кредитная карта
кредитные карты онлайн заявка,кредитная карта
кредитная карта через интернет,кредитная карта
оформить кредитную карту без справок,кредитная карта
оформить кредитную карту быстро,кредитная карта
банки кредитные карты,кредитная карта
быстро оформить кредитную карту,кредитная карта
кредитная карта без годового обслуживания,кредитная карта
банки москвы кредитные карты,кредитная карта
мгновенная кредитная карта,кредитная карта
кредитная карта москва,кредитная карта
кредитная карта условия,кредитная карта
кредитная карта москва онлайн,кредитная карта
кредитные карты для путешествий,кредитная карта
кредитные карточки,кредитная карта
кредитные карты оформить онлайн заявку,кредитная карта
кредиты и кредитные карты,кредитная карта
взять кредитную карту по паспорту,кредитная карта
заполнить заявку на кредитную карту,кредитная карта
кредитная карта онлайн без справок,кредитная карта
кредитная карта за 1 день,кредитная карта
калькулятор кредитных карт,кредитная карта
кредитные карты для студентов,кредитная карта
оставить заявку на кредитную карту,кредитная карта
льготные кредитные карты,кредитная карта
заказ кредитной карты онлайн,кредитная карта
быстрое оформление кредитной карты,кредитная карта
кредитная карта быстро без справок,кредитная карта
студенческая кредитная карта,кредитная карта
заказать кредитную карту по почте,кредитная карта
кредитные карты москва,кредитная карта
кредитные карты онлайн быстро,кредитная карта
быстро получить кредитную карту,кредитная карта
кредитные карты в москве,кредитная карта
быстрые кредитные карты,кредитная карта
оформить кредитную карту через интернет,кредитная карта
кредитные карты с 20 лет,кредитная карта
получить кредитную карту без справок,кредитная карта
срочно оформить кредитную карту,кредитная карта
оформить кредитную карту в москве,кредитная карта
кредитные карты без подтверждения дохода,кредитная карта
кредитная карта бесплатно,кредитная карта
дебетовая карта для путешествий,кредитная карта
кредитная карта за один день,кредитная карта
кредитная карта онлайн по почте,кредитная карта
кредитные карты моментальной выдачи,кредитная карта
кредитная карта от 20 лет,кредитная карта
кредитные карты от 20 лет,кредитная карта
кредитная карта универсальная,кредитная карта
получить кредитную карту по почте,кредитная карта
кредитные карты онлайн в москве,кредитная карта
дебетовые карты,дебетовая карта
самая выгодная дебетовая карта,дебетовая карта
оформить дебетовую карту,дебетовая карта
заказать дебетовую карту,дебетовая карта
заказать дебетовую карту онлайн,дебетовая карта
лучшая дебетовая карта,дебетовая карта
дебетовая карта онлайн,дебетовая карта
дебетовая карта с бесплатным обслуживанием,дебетовая карта
самая лучшая дебетовая карта,дебетовая карта
оформить дебетовую карту онлайн,дебетовая карта
открыть дебетовую карту,дебетовая карта
моментальная дебетовая карта,дебетовая карта
бесплатная дебетовая карта,дебетовая карта
рейтинг дебетовых карт,дебетовая карта
дебетовая карта онлайн заявка,дебетовая карта
открыть дебетовую карту онлайн,дебетовая карта
какая дебетовая карта лучше,дебетовая карта
выгодные дебетовые карты,дебетовая карта
какая дебетовая карта самая выгодная,дебетовая карта
получить дебетовую карту онлайн,дебетовая карта
заявка на дебетовую карту,дебетовая карта
какую дебетовую карту лучше оформить,дебетовая карта
сравнение дебетовых карт,дебетовая карта
выбор дебетовой карты,дебетовая карта
дебетовая карта без обслуживания,дебетовая карта
дебетовая карта быстро,дебетовая карта
сравнение дебетовых карт разных банков,дебетовая карта
дебетовая карта без годового обслуживания,дебетовая карта
дебетовая карта банка,дебетовая карта
дебетовая карта виза,дебетовая карта
бесплатные банковские дебетовые карты,дебетовая карта
дебетовая карта за 1 день,дебетовая карта
лучшие дебетовые карты 2020,дебетовая карта
дебетовая карта по почте,дебетовая карта
дебетовая карта бесплатно,дебетовая карта
подобрать дебетовую карту,дебетовая карта
дебетовая карта в день обращения,дебетовая карта
дебетовая карта за один день,дебетовая карта
подбор дебетовой карты,дебетовая карта
дебетовая карта visa,дебетовая карта
дебетные карты,дебетовая карта
бесплатные дебетовые карты банков,дебетовая карта
самая дешевая дебетовая карта,дебетовая карта
дебетовая карта моментальной выдачи,дебетовая карта
сравнить дебетовые карты,дебетовая карта
дебетовая карта за 5 минут,дебетовая карта
заказать дебетовую карту по почте,дебетовая карта
дебетовая карта срочно,дебетовая карта
дебетная карта visa,дебетовая карта
кредит по карте,кредитная карта
карта с кредитом,кредитная карта
карточка кредитная,кредитная карта
получить карту с кредитом,кредитная карта
взять кредит на карту,кредитная карта
долг по кредитной карте,кредитная карта
закрыть кредитную карту,кредитная карта
где дадут кредитную карту,кредитная карта
зачем кредитная карта,кредитная карта
как кредитная карта работает,кредитная карта
какая кредитная карта лучше,кредитная карта
какая кредитная карта самая выгодная,кредитная карта
какая кредитная карта лучше отзывы,кредитная карта
какая кредитная карта выгоднее,кредитная карта
какие есть кредитные карты,кредитная карта
какие бывают кредитные карты,кредитная карта
какие кредитки лучше,кредитная карта
какая карта кредитная лучше,кредитная карта
кредитные карты сравнить,кредитная карта
кто может оформить кредитную карту,кредитная карта
какую карту кредитную выбрать,кредитная карта
какую кредитную карту легко получить,кредитная карта
какого банка лучше взять кредитную карту,кредитная карта
какую кредитную карту взять,кредитная карта
как работает система кредитных карт,кредитная карта
какая карта кредитная самая выгодная,кредитная карта
какой банк одобрит кредитную карту,кредитная карта
какой кредиткой лучше пользоваться,кредитная карта
в каком банке взять кредитную карту,кредитная карта
кредитная карта какая лучше,кредитная карта
кредитная карта в каком банке лучше,кредитная карта
всё о кредитных картах,кредитная карта
какую лучше взять кредитную карту,кредитная карта
какую взять кредитную карту,кредитная карта
какую лучше кредитную карту оформить,кредитная карта
где взять кредитку,кредитная карта
где лучше взять кредитку,кредитная карта
выбор кредитной карты,кредитная карта
все о кредитных картах,кредитная карта
кредитную карту взять,кредитная карта
кредитная карта получить,кредитная карта
кому дают кредитную карту,кредитная карта
какие кредитные карты есть,кредитная карта
кредитные карты которые легко получить,кредитная карта
у какого банка взять кредитную карту,кредитная карта
кредитная карта от 18,кредитная карта
кредитная карта которую легко получить,кредитная карта
кто может получить кредитную карту,кредитная карта
какие кредитные карты лучше,кредитная карта
какие банки дают кредитную карту,кредитная карта
кредитная карта и банковская карта,кредитная карта
как проверить кредитную карту,кредитная карта
почему кредитная карта заблокирована,кредитная карта
преимущество кредитной карты,кредитная карта
отличия кредитной карты от кредита,кредитная карта
сколько кредитных карт можно иметь,кредитная карта
сколько кредитных карт можно иметь в одном банке,кредитная карта
сколько в длину банковская карта,кредитная карта
кредитная карта с какого возраста,кредитная карта
сколько можно оформить кредитных карт,кредитная карта
сколько кредитная карта,кредитная карта
сколько кредитная карта делается,кредитная карта
сколько сантиметров кредитная карточка,кредитная карта
сколько хранится кредитная карточка,кредитная карта
что нужно знать про кредитные карты,кредитная карта
чья кредитная карта лучше,кредитная карта
как называется кредитная карта,кредитная карта
что такое кредитная карточка,кредитная карта
как устроены кредитные карты,кредитная карта
чем отличается кредитная карта от банковской,кредитная карта
чем отличается кредитка от банковской карты,кредитная карта
чем отличается кредитная карта от кредита,кредитная карта
чем отличается кредитная карта от кредита наличными,кредитная карта
чем отличается кредитная карта от обычной,кредитная карта
чем кредитная карточка отличается от,кредитная карта
в каком банке открыть карту,дебетовая карта
в каком банке можно получить карту мир,дебетовая карта
в каком банке лучше открыть карту 2020,дебетовая карта
заказать банковскую карту для ребенка,дебетовая карта
заказать банковскую карту,дебетовая карта
какую карту открыть,дебетовая карта
какую карту выбрать,дебетовая карта
какую карту оформить,дебетовая карта
карты каких банков выгоднее,дебетовая карта
какую банковскую карту выбрать,дебетовая карта
карты банковские,дебетовая карта
новости банковские карты,дебетовая карта
какие банки оформляют карту мир,дебетовая карта
как заказать банковскую карту,дебетовая карта
карточка банковская,дебетовая карта
рейтинг банковских карт в россии,дебетовая карта
карты банков,дебетовая карта
какую карту заказать в сбербанке,дебетовая карта
карту заказать онлайн,дебетовая карта
как заказать банковскую карту тинькофф,дебетовая карта
заказать карта тинькофф,дебетовая карта
у каких банков есть детские карты,дебетовая карта
у каких банков есть карта мир,дебетовая карта
как заказать банковскую карту онлайн,дебетовая карта
как получить банковскую карту,дебетовая карта
какую карту оформить в сбербанке,дебетовая карта
в каком банке можно заказать карту мир,дебетовая карта
дебиторская карта втб,дебетовая карта
денежные карты,дебетовая карта
банковская карта с процентом на остаток,дебетовая карта
банковские карты с высоким процентом на остаток,дебетовая карта
какие существуют банковские карты,дебетовая карта
какие бывают карты банковские,дебетовая карта
какую карту банка лучше завести,дебетовая карта
какую банковскую карту лучше завести,дебетовая карта
какую карту банка выбрать,дебетовая карта
какая карта лучше,дебетовая карта
в каком банке лучше завести карту,дебетовая карта
карту какого банка выбрать,дебетовая карта
какой банк выбрать для карты,дебетовая карта
какую карту лучше выбрать,дебетовая карта
когда можно получить банковскую карту,дебетовая карта
когда можно оформить банковскую карту,дебетовая карта
когда можно завести банковскую карту,дебетовая карта
кому выдается карта мир,дебетовая карта
выгодная банковская карта,дебетовая карта
карты с высоким кэшбэком,дебетовая карта
выгодная карта,дебетовая карта
выгодная карта мир,дебетовая карта
карты мир у каких банков,дебетовая карта
самые выгодные карты банков,дебетовая карта
рейтинг банковских карт,дебетовая карта
как сделать банковскую карту,дебетовая карта
со скольки можно получить банковскую карту,дебетовая карта
чей банк карта,дебетовая карта
из чего сделана банковская карта,дебетовая карта
какой банк по карте,дебетовая карта
чья банковская карта,дебетовая карта
дебетовая карта альфа,дебетовая карта
дебетовая карта альфа банка,дебетовая карта
дебетовая карта альфа банка отзывы,дебетовая карта
дебетовая карта альфа банка с кэшбэком,дебетовая карта
дебетовая карта без платы за обслуживание,дебетовая карта
дебетовая карта втб,дебетовая карта
дебетовая карта втб с бесплатным обслуживанием,дебетовая карта
дебетовая карта газпромбанка,дебетовая карта
дебетовая карта польза,дебетовая карта
дебетовая карта почта банк,дебетовая карта
дебетовая карта райффайзенбанк,дебетовая карта
дебетовая карта с кэшбэком до 20 процентов от росбанк,дебетовая карта
дебетовая карта сбербанка с бесплатным обслуживанием,дебетовая карта
дебетовая карта тинькофф блэк,дебетовая карта
дебетовая карта тинькофф обслуживание цена,дебетовая карта
дебетовая карта тинькофф обслуживание цена условия,дебетовая карта
дебетовая карта тинькофф отзывы,дебетовая карта
дебетовая карта ударение,дебетовая карта
дебетовая карта что это,дебетовая карта
дебетовая карта что это такое простыми словами,дебетовая карта
дебетовая карта это что такое,дебетовая карта
дебетовая карта tinkoff black vk.com,дебетовая карта
какая карта дебетовая а какая кредитная,дебетовая карта
открыть карту,дебетовая карта
ткрыть дебетовую карту,дебетовая карта
